org_sujo;org_detalhe_sujo;org_detalhe_limpo;org_limpo;id_org_unica;id_org_dupla
Abiquim (Brazilian Chemical Industry Association);NA;NA;ABIQUIM - Associação Brasileira da Indústria Química;11;184
Associação Brasileira de Produtores de Florestas Plantadas (ABRAF);NA;NA;ABRAF - Associação Brasileira dos Produtores de Florestas Plantadas;16;3035
ArborGen;NA;NA;ArborGen;54;3023
Biofílica Environmental Investments;NA;NA;Biofílica Investimentos Ambientais;80;2158
BNDES;NA;NA;BNDES – Banco Nacional de Desenvolvimento Econômico e Social;86;1730
Câmara dos Deputados;NA;NA;Câmara dos Deputados;101;2799
Câmara dos Deputados;Assessoria Jurídica;NA;Câmara dos Deputados;101;3069
Casa Civil;Assessoria Jurídica;NA;Casa Civil da Presidência da República;106;2986
CEBDS;NA;NA;CEBDS - Conselho Empresarial Brasileiro para o Desenvolvimento Sustentável;118;2203
CEBDS;Biodiversidade e Biotecnologia;NA;CEBDS - Conselho Empresarial Brasileiro para o Desenvolvimento Sustentável;118;3001
CNA;Sustentabilidade;NA;CNA - Confederação Nacional da Agricultura e Pecuária;135;3117
CNI;NA;NA;CNI - Confederação Nacional da Indústria;138;1600
CNI;Relações Institucionais;NA;CNI - Confederação Nacional da Indústria;138;3106
Laboratório Nacional de Ciência e Tecnologia do Bioetanol (CTBE);NA;Laboratório Nacional de Ciência e Tecnologia do Bioetanol;CNPEM - Centro Nacional de Pesquisa em Energia e Materiais;141;3024
CNPq;NA;NA;CNPq - Conselho Nacional de Desenvolvimento Científico e Tecnológico;142;3008
CNPq;Divisão de Ciências do Mar;NA;CNPq - Conselho Nacional de Desenvolvimento Científico e Tecnológico;142;3194
Coordenação das Organizações Indígenas da Amazônia Brasileira (COIAB);NA;NA;COIAB - Coordenação das Organizações Indígenas da Amazônia Brasileira;146;3048
Vale;NA;NA;Companhia Vale do Rio Doce;155;486
Instituto Tecnológico Vale;NA;Instituto Tecnológico Vale;Companhia Vale do Rio Doce;155;3144
CONTAG;NA;NA;CONTAG - Confederação Nacional dos Trabalhadores Rurais Agricultores e Agricultoras Familiares;175;2046
CUT;NA;NA;CUT - Central Única dos Trabalhadores;188;1804
Planeta Sustentável;NA;NA;Editora Abril;209;2279
EMBRAPA;National Research Center for Genetic Resources and Biotechnology;NA;EMBRAPA - Empresa Brasileira de Pesquisa Agropecuária;214;14
Embrapa;NA;NA;EMBRAPA - Empresa Brasileira de Pesquisa Agropecuária;214;256
EMBRAPA;NA;NA;EMBRAPA - Empresa Brasileira de Pesquisa Agropecuária;214;1392
EMBRAPA;Coordenação de Assuntos Regulatórios;NA;EMBRAPA - Empresa Brasileira de Pesquisa Agropecuária;214;3134
EMBRAPA;CENARGEN;NA;EMBRAPA - Empresa Brasileira de Pesquisa Agropecuária;214;3162
EMBRAPA;Departamento de Pesquisa e Desenvolvimento;NA;EMBRAPA - Empresa Brasileira de Pesquisa Agropecuária;214;3163
Estado de Goiás;Secretaria de Meio Ambiente;NA;Estado de Goiás;225;3059
Estado de Goiás;NA;NA;Estado de Goiás;225;2771
Estado de Goiás;"Superintendência de Meio Ambiente e Recursos Hídricos; Secretaria de Meio Ambiente, Recursos Hídricos, Infraestrutura, Cidades e Assuntos Metropolitanos";NA;Estado de Goiás;225;3103
Estado de Goiás;Secretaria de Meio Ambiente, Recursos Hídricos, Infraestrutura, Cidades e Assuntos Metropolitanos;NA;Estado de Goiás;225;3104
Fórum Mineiro de Mudança Climáticas;NA;NA;Estado de Minas Gerais;227;3029
Estado de São Paulo;Secretaria de Meio Ambiente;NA;Estado de São Paulo;232;2861
Governo do Estado de São Paulo;NA;NA;Estado de São Paulo;232;3014
Estado de São Paulo;"Secretaria de Meio Ambiente; Assessoria Internacional";NA;Estado de São Paulo;232;3090
Estado de São Paulo;"Secretaria de Meio Ambiente; Assuntos internacionais";NA;Estado de São Paulo;232;3150
Estado de São Paulo;Fundação Florestal do Estado de São Paulo;NA;Estado de São Paulo;232;3151
Governo do Estado do Amazonas;NA;NA;Estado do Amazonas;237;3015
FBOMS;Instituto SocioAmbiental;NA;FBOMS - Fórum Brasileiro de ONGs e Movimentos Sociais para o Meio Ambiente e o Desenvolvimento;261;2981
Fundação Getúlio Vargas;"Centro de Estudos de Sustentabilidade (Gvces); Finanças Sustentáveis";NA;FGV - Fundação Getúlio Vargas;264;3094
FIESP;NA;NA;FIESP - Federação das Indústrias do Estado de São Paulo;268;1834
FIESP;Departamento de Agronegócio;NA;FIESP - Federação das Indústrias do Estado de São Paulo;268;3115
FIESP;"Departamento de Meio Ambiente; Assuntos Internacionais e Nacionais";NA;FIESP - Federação das Indústrias do Estado de São Paulo;268;3116
FIESP;Questões estratégicas sobre desenvolvimento sustentável;NA;FIESP - Federação das Indústrias do Estado de São Paulo;268;3145
Fiocruz;NA;NA;Fiocruz - Fundação Oswaldo Cruz;272;1935
Fundação Oswaldo Cruz;NA;NA;Fiocruz - Fundação Oswaldo Cruz;272;3006
FUNAI;NA;NA;FUNAI - Fundação Nacional do Índio;283;1983
Fundo Brasileiro para a Biodiversidade (FUNBIO);NA;NA;FUNBIO - Fundo Brasileiro para a Biodiversidade;287;3036
Fundo Brasileiro para a Biodiversidade (FUNBIO);Coordenação da Agência do GEF;NA;FUNBIO - Fundo Brasileiro para a Biodiversidade;287;3101
Fundo Brasileiro para a Biodiversidade (FUNBIO);Coordenação de Comunicação e Marketing;NA;FUNBIO - Fundo Brasileiro para a Biodiversidade;287;3102
Fundo Brasileiro para a Biodiversidade (FUNBIO);Coordenadoria de Doações Nacionais e Internacionais;NA;FUNBIO - Fundo Brasileiro para a Biodiversidade;287;3155
Fundo Brasileiro para a Biodiversidade (FUNBIO);Comunicação e Marketing;NA;FUNBIO - Fundo Brasileiro para a Biodiversidade;287;3156
Associação Civil da Pecuária Sustentável;NA;NA;GTPS - Grupo de Trabalho da Pecuária Sustentável;318;3061
IBAMA;NA;NA;IBAMA - Instituto Brasileiro do Meio Ambiente e dos Recursos Naturais Renováveis;324;62
IBAMA;Diretoria de Ecossistemas;NA;IBAMA - Instituto Brasileiro do Meio Ambiente e dos Recursos Naturais Renováveis;324;2992
ICMBio;NA;NA;ICMBio - Instituto Chico Mendes de Conservação da Biodiversidade;333;2622
ICMBio;Diretoria de Pesquisa, Avaliação e Monitoramento de Biodiversidade;NA;ICMBio - Instituto Chico Mendes de Conservação da Biodiversidade;333;3076
ICMBio;Diretoria de Ações Socioambientais e Consolidação Territorial em Unidades de Conservação;NA;ICMBio - Instituto Chico Mendes de Conservação da Biodiversidade;333;3077
ICMBio;Diretoria de Criação e Manejo de Unidades de Conservação;NA;ICMBio - Instituto Chico Mendes de Conservação da Biodiversidade;333;3078
ICMBio;Diretoria de Planejamento, Administração e Logística;NA;ICMBio - Instituto Chico Mendes de Conservação da Biodiversidade;333;3079
ICMBio;Coordenação Geral de Uso Público e Negócios;NA;ICMBio - Instituto Chico Mendes de Conservação da Biodiversidade;333;3081
ICONE - Instituto de Estudo do Comércio e Negociações Internacionais;NA;NA;ICONE - Instituto de Estudos do Comércio e Negociações Internacionais;334;3022
Indústria Brasileira de Árvores;NA;NA;Indústria Brasileira de Árvores;345;2422
Indústria Brasileira de Árvores;Florestas;NA;Indústria Brasileira de Árvores;345;3146
Instituto Nacional da Propriedade Industrial;NA;NA;INPI - Instituto Nacional da Propriedade Industrial;354;2980
Instituto Ecologica;NA;NA;Instituto Ecológica;368;1500
IPEA;NA;NA;IPEA - Instituto de Pesquisa Econômica Aplicada;394;3013
Instituto Pró-Sustentabilidade;NA;NA;IPSUS - Instituto Pró-Sustentabilidade;396;3037
Itaipu Binacional;"Superintendência de Meio Ambiente; Diretoria de Coordenação e Meio Ambiente";NA;Itaipu Binacional;400;3080
Marinha do Brasil;NA;NA;Marinha do Brasil;416;3058
Marinha do Brasil;"Comissão Interministerial para os Recursos do Mar (CIRM); Divisão de recursos humanos";NA;Marinha do Brasil;416;3084
Marinha do Brasil;Divisão para questões marítimas e ambientais;NA;Marinha do Brasil;416;3133
Marinha do Brasil;Diretoria de Hidrografia e Navegação;NA;Marinha do Brasil;416;3193
Marinha do Brasil;"Diretoria de Hidrografia e Navegação; GOOS Brazil";NA;Marinha do Brasil;416;3195
Marinha do Brasil;Secretaria Geral da Marinha;NA;Marinha do Brasil;416;3197
Marinha do Brasil;"Relações Internacionais; Diretoria de Hidrografia e Navegação";NA;Marinha do Brasil;416;3199
Marinha do Brasil;"Diretoria de Hidrografia e Navegação; Assessoria Internacional";NA;Marinha do Brasil;416;3201
Marinha do Brasil;Estado Maior da Armada;NA;Marinha do Brasil;416;3209
Marinha do Brasil;SECIRM;NA;Marinha do Brasil;416;3210
Marinha do Brasil;Adido Naval do Brasil na China;NA;Marinha do Brasil;416;3224
Marinha do Brasil;"Diretoria de Portos e Costas; CCA-IMO";NA;Marinha do Brasil;416;3233
Marinha do Brasil;Diretoria de Portos e Costas;NA;Marinha do Brasil;416;3235
Marinha do Brasil;"Diretoria de Portos e Costas; CCA-IMO; MEPC";NA;Marinha do Brasil;416;3237
Marinha do Brasil;CCA-IMO;NA;Marinha do Brasil;416;3238
Ministério da Agricultura, Pecuária e Abastecimento;Secretaria de Defesa Agropecuária;NA;Ministério da Agricultura, Pecuária e Abastecimento;421;2998
Ministério da Agricultura, Pecuária e Abastecimento;NA;NA;Ministério da Agricultura, Pecuária e Abastecimento;421;3009
Ministério da Agricultura, Pecuária e Abastecimento;Secretaria de Relações Internacionais do Agronegócio;NA;Ministério da Agricultura, Pecuária e Abastecimento;421;3068
Ministério da Agricultura, Pecuária e Abastecimento;Imprensa;NA;Ministério da Agricultura, Pecuária e Abastecimento;421;3070
Ministério da Agricultura, Pecuária e Abastecimento;Comunicações;NA;Ministério da Agricultura, Pecuária e Abastecimento;421;3071
Ministério da Agricultura, Pecuária e Abastecimento;"Coordenação Geral de Qualidade; Departamento de Desenvolvimento das Cadeias Produtivas e Produção Sustentável";NA;Ministério da Agricultura, Pecuária e Abastecimento;421;3083
Ministério da Agricultura, Pecuária e Abastecimento;Coordenação geral de qualidade;NA;Ministério da Agricultura, Pecuária e Abastecimento;421;3130
Ministério da Agricultura, Pecuária e Abastecimento;Departamento de sistemas de produção e sustentabilidade;NA;Ministério da Agricultura, Pecuária e Abastecimento;421;3131
Ministério da Agricultura, Pecuária e Abastecimento;Coordenação geral de negociação de medidas não tarifárias;NA;Ministério da Agricultura, Pecuária e Abastecimento;421;3132
Ministério da Agricultura, Pecuária e Abastecimento;"Departamento de Sanidade Vegetal; Coordenação de Proteção de Plantas";NA;Ministério da Agricultura, Pecuária e Abastecimento;421;3165
Ministério da Agricultura, Pecuária e Abastecimento;Diretoria de Defesa Vegetal;NA;Ministério da Agricultura, Pecuária e Abastecimento;421;3166
Ministério da Agricultura, Pecuária e Abastecimento;Secretaria de Proteção Animal e Vegetal;NA;Ministério da Agricultura, Pecuária e Abastecimento;421;3167
Ministério da Agricultura, Pecuária e Abastecimento;"Relações Internacionais; Coordenação de Assuntos da CIPV";NA;Ministério da Agricultura, Pecuária e Abastecimento;421;3168
Ministério da Agricultura, Pecuária e Abastecimento;Departamento de Sanidade Vegetal;NA;Ministério da Agricultura, Pecuária e Abastecimento;421;3169
Ministério da Agricultura, Pecuária e Abastecimento;"Secretaria de Defesa Agropecuária; Departamento de Negociações Sanitárias e Fitossanitárias; Coordenação de Assuntos Fitossanitários Internacionais";NA;Ministério da Agricultura, Pecuária e Abastecimento;421;3170
Ministério da Agricultura, Pecuária e Abastecimento;"Secretaria de Saúde e Inspeção Animal e Vegetal; Diretoria de Sanidade Vegetal";NA;Ministério da Agricultura, Pecuária e Abastecimento;421;3171
Ministério da Agricultura, Pecuária e Abastecimento;"Secretaria de Defesa Agropecuária; Coordenação de Vigilância Internacional de Agropecuária";NA;Ministério da Agricultura, Pecuária e Abastecimento;421;3172
Ministério da Agricultura, Pecuária e Abastecimento;"Secretaria de Defesa Agropecuária; Departamento de Sanidade Vegetal; Divisão de Análise de Riscos de Pragas";NA;Ministério da Agricultura, Pecuária e Abastecimento;421;3173
Ministério da Agricultura, Pecuária e Abastecimento;"Serviço de Campanhas e Programas Fitossanitárias; Departamento de Sanidade Vegetal; Secretaria de Defesa Agropecuária";NA;Ministério da Agricultura, Pecuária e Abastecimento;421;3174
Ministério da Agricultura, Pecuária e Abastecimento;"Programa de Erradicação da Mosca da Carambola; Departamento de Sanidade Vegetal; Secretaria de Defesa Agropecuária";NA;Ministério da Agricultura, Pecuária e Abastecimento;421;3175
Ministério da Agricultura, Pecuária e Abastecimento;"Divisão de Certificação Fitossanitária; Departamento de Sanidade Vegetal; Secretaria de Defesa Agropecuária";NA;Ministério da Agricultura, Pecuária e Abastecimento;421;3176
Ministério da Agricultura, Pecuária e Abastecimento;Coordenação de Assuntos Internacionais Fitossanitários;NA;Ministério da Agricultura, Pecuária e Abastecimento;421;3177
Ministério da Agricultura, Pecuária e Abastecimento;Divisão de Análise de Riscos de Pragas;NA;Ministério da Agricultura, Pecuária e Abastecimento;421;3178
Ministério da Agricultura, Pecuária e Abastecimento;Divisão de Certificação Fitossanitária;NA;Ministério da Agricultura, Pecuária e Abastecimento;421;3179
Ministério da Agricultura, Pecuária e Abastecimento;"Departamento de Sanidade Vegetal; Ponto de contato oficial IPPC";NA;Ministério da Agricultura, Pecuária e Abastecimento;421;3180
Ministério da Agricultura, Pecuária e Abastecimento;Departamento de Negociações Não-Tarifárias;NA;Ministério da Agricultura, Pecuária e Abastecimento;421;3181
Ministério da Agricultura, Pecuária e Abastecimento;Coordenadoria de Quarentena Vegetal;NA;Ministério da Agricultura, Pecuária e Abastecimento;421;3182
Ministério da Agricultura, Pecuária e Abastecimento;Departamento de Sanidade Vegetal e Insumos Agrícolas;NA;Ministério da Agricultura, Pecuária e Abastecimento;421;3183
Ministério da Agricultura, Pecuária e Abastecimento;Comitê em Saúde Vegetal (COSAVE);NA;Ministério da Agricultura, Pecuária e Abastecimento;421;3184
Ministério da Agricultura, Pecuária e Abastecimento;Coordenadoria de Supervisão e Certificação de Trânsito Internacional;NA;Ministério da Agricultura, Pecuária e Abastecimento;421;3185
Ministério da Agricultura, Pecuária e Abastecimento;Permanent Representation of Brazil to FAO;NA;Ministério da Agricultura, Pecuária e Abastecimento;421;3186
Ministério da Agricultura, Pecuária e Abastecimento;Organização Brasileira de Proteção Vegetal;NA;Ministério da Agricultura, Pecuária e Abastecimento;421;3187
Ministério da Agricultura, Pecuária e Abastecimento;Coordenação Geral de Inspeção e Certificação Fitossanitária Internacional;NA;Ministério da Agricultura, Pecuária e Abastecimento;421;3188
Ministério da Agricultura, Pecuária e Abastecimento;Divisão de Inspeção e Tratamento de Quarentenas;NA;Ministério da Agricultura, Pecuária e Abastecimento;421;3189
Ministério da Agricultura, Pecuária e Abastecimento;Divisão de Quarentena Vegetal;NA;Ministério da Agricultura, Pecuária e Abastecimento;421;3190
Ministério da Agricultura, Pecuária e Abastecimento;Coordenação Geral de Defesa Vegetal;NA;Ministério da Agricultura, Pecuária e Abastecimento;421;3191
Ministério da Agricultura, Pecuária e Abastecimento;"Serviço Florestal Brasileiro; Diretoria de Pesquisa e Informação Florestal";NA;Ministério da Agricultura, Pecuária e Abastecimento;421;3222
Ministério da Ciência e Tecnologia;NA;NA;Ministério da Ciência e Tecnologia;422;2987
Ministério da Ciência e Tecnologia;"Coordenadoria Geral de Biodiversidade; Secretaria de Políticas e Programas de Pesquisa e Desenvolvimento";NA;Ministério da Ciência e Tecnologia;422;2993
Ministério da Ciência e Tecnologia;"Coordenadoria Geral de Biotecnologia e Saúde; Secretaria de Políticas Estratégicas e de Desenvolvimento Científico";NA;Ministério da Ciência e Tecnologia;422;2994
Ministério da Ciência, Tecnologia e Inovação;NA;NA;Ministério da Ciência e Tecnologia;422;3055
Ministério da Ciência, Tecnologia, Inovação e Comunicações;Biossegurança;NA;Ministério da Ciência e Tecnologia;422;3129
Ministério da Ciência e Tecnologia;"Departamento de Política Científica e Programas Especiais; Secretaria de Políticas e Programas";NA;Ministério da Ciência e Tecnologia;422;3198
Ministério da Ciência e Tecnologia;Secretaria de Políticas e Programas;NA;Ministério da Ciência e Tecnologia;422;2867
Ministério da Ciência e Tecnologia;Secretaria de Políticas e Programas de Pesquisa e Desenvolvimento;NA;Ministério da Ciência e Tecnologia;422;3202
Ministério da Ciência e Tecnologia;"Secretaria de Políticas e Programas de Pesquisa e Desenvolvimento; Coordenadoria para Mar e Antártica";NA;Ministério da Ciência e Tecnologia;422;3203
Ministério da Ciência e Tecnologia;Cooperação Internacional;NA;Ministério da Ciência e Tecnologia;422;3205
Ministério da Ciência e Tecnologia;Coordenação de Oceano e Antártica;NA;Ministério da Ciência e Tecnologia;422;3207
Ministério da Ciência, Tecnologia e Inovação;Cooperação Internacional;NA;Ministério da Ciência e Tecnologia;422;3208
Ministério da Ciência, Tecnologia, Inovação e Comunicações;Pesquisa;NA;Ministério da Ciência e Tecnologia;422;3211
Ministério da Ciência, Tecnologia e Inovação;"Secretaria de Políticas e Programas de Pesquisa e Desenvolvimento; Coordenadoria para Mar e Antártica";NA;Ministério da Ciência e Tecnologia;422;3212
Ministério da Defesa;NA;NA;Ministério da Defesa;424;3007
Ministério da Fazenda;NA;NA;Ministério da Fazenda;427;3135
Ministério da Saúde;NA;NA;Ministério da Saúde;432;2747
Ministry of External Relations;Embassy of Brazil in Nairobi;NA;Ministério das Relações Exteriores;435;61
Ministry of External Relations;NA;NA;Ministério das Relações Exteriores;435;89
Ministry of External Relations;Environment Division;NA;Ministério das Relações Exteriores;435;120
Ministry of Foreign Affairs;Permanent Mission of Brazil to the United Nations in New York;NA;Ministério das Relações Exteriores;435;175
Ministry of External Relations;Permanent Representation of Brazil to FAO;NA;Ministério das Relações Exteriores;435;304
Ministério das Relações Exteriores;Divisão de Meio Ambiente;NA;Ministério das Relações Exteriores;435;1271
Ministério das Relações Exteriores;Embaixada do Brasil em Buenos Aires;NA;Ministério das Relações Exteriores;435;2972
Ministério das Relações Exteriores;Departamento de Temas Especiais;NA;Ministério das Relações Exteriores;435;2973
Ministério das Relações Exteriores;Divisão do Meio Ambiente;NA;Ministério das Relações Exteriores;435;2975
Ministério das Relações Exteriores;Embaixada do Brasil em Viena;NA;Ministério das Relações Exteriores;435;2983
Ministério das Relações Exteriores;NA;NA;Ministério das Relações Exteriores;435;2739
Ministério das Relações Exteriores;Consulado do Brasil em Nagóia;NA;Ministério das Relações Exteriores;435;3002
Ministério das Relações Exteriores;Embaixada do Brasil em Berlim;NA;Ministério das Relações Exteriores;435;3003
Ministério das Relações Exteriores;Embaixada do Brasil em Tóquio;NA;Ministério das Relações Exteriores;435;3004
Ministério das Relações Exteriores;Departamento de Meio Ambiente e Temas Especiais;NA;Ministério das Relações Exteriores;435;2864
Ministério das Relações Exteriores;Subsecretaria-Geral de Meio Ambiente, Energia, Ciência e Tecnologia;NA;Ministério das Relações Exteriores;435;3051
Ministério das Relações Exteriores;Divisão de Clima;NA;Ministério das Relações Exteriores;435;3052
Ministério das Relações Exteriores;Embaixada do Brasil em Nova Delhi;NA;Ministério das Relações Exteriores;435;3053
Ministério das Relações Exteriores;Embaixada do Brasil em Seul;NA;Ministério das Relações Exteriores;435;3056
Ministério das Relações Exteriores;Delegação Permanente à Convenção de Diversidade Biológica;NA;Ministério das Relações Exteriores;435;3064
Ministério das Relações Exteriores;Embaixada do Brasil no México;NA;Ministério das Relações Exteriores;435;2842
Ministério das Relações Exteriores;Departamento de Desenvolvimento Sustentável;NA;Ministério das Relações Exteriores;435;3093
Ministério das Relações Exteriores;Gabinete;NA;Ministério das Relações Exteriores;435;3122
Ministry of External Relations;Division of Environment;NA;Ministério das Relações Exteriores;435;3159
Ministry of External Relations;Permanent Mission of Brazil to the United Nations in New York;NA;Ministério das Relações Exteriores;435;3192
Ministério das Relações Exteriores;Missão Permanente do Brasil à UNESCO;NA;Ministério das Relações Exteriores;435;3196
Ministério das Relações Exteriores;Agência Brasileira de Cooperação;NA;Ministério das Relações Exteriores;435;3213
Ministério de Relações Exteriores;NA;NA;Ministério das Relações Exteriores;435;3214
Ministério das Relações Exteriores;Embaixada do Brasil em Libreville;NA;Ministério das Relações Exteriores;435;3216
Ministério das Relações Exteriores;Embaixada do Brasil em Kuala Lumpur;NA;Ministério das Relações Exteriores;435;3219
Ministério das Relações Exteriores;Embaixada do Brasil em Lima;NA;Ministério das Relações Exteriores;435;3221
Ministério das Relações Exteriores;"Embaixada Brasileira em Londres; Conselheiro para Assuntos Marítimos; Representação Permanente do Brasil na IMO";NA;Ministério das Relações Exteriores;435;3225
Ministério de Relações Exteriores;Gabinete do Ministro;NA;Ministério das Relações Exteriores;435;3229
Ministério das Relações Exteriores;Missão Permanente do Brasil junto a Organizações Internacionais em Londres;NA;Ministério das Relações Exteriores;435;3234
Ministério das Relações Exteriores;"Missão Permanente do Brasil junto a Organizações Internacionais em Londres; Representação Permanente do Brasil na IMO";NA;Ministério das Relações Exteriores;435;3236
Ministério do Desenvolvimento Agrário;NA;NA;Ministério do Desenvolvimento Agrário;437;3010
Ministério do Desenvolvimento Social e Agrário;Secretaria Nacional de Segurança Alimentar e Nutricional;NA;Ministério do Desenvolvimento Social e Combate à Fome;438;3075
Ministério do Desenvolvimento Social e Agrário;NA;NA;Ministério do Desenvolvimento Social e Combate à Fome;438;3088
Ministério do Desenvolvimento Social e Agrário;"Secretaria Especial de Agricultura Familiar e Desenvolvimento Agrário; Assessoria de Assuntos Internacionais e Promoção Comercial";NA;Ministério do Desenvolvimento Social e Combate à Fome;438;3091
Ministério do Desenvolvimento Social e Agrário;Secretaria Especial de Agricultura Familiar e Desenvolvimento Agrário;NA;Ministério do Desenvolvimento Social e Combate à Fome;438;3092
Ministério do Desenvolvimento Indústria e Comércio Exterior;NA;NA;Ministério do Desenvolvimento, Indústria e Comércio Exterior;439;3005
Ministério do Meio Ambiente;NA;NA;Ministério do Meio Ambiente;442;252
Ministério do Meio Ambiente, dos Recursos Hídricos e da Amazônia Legal;NA;NA;Ministério do Meio Ambiente;442;2971
Ministério do Meio Ambiente, dos Recursos Hídricos e da Amazônia Legal;Assessoria Especial para Assuntos Internacionais;NA;Ministério do Meio Ambiente;442;2974
Ministério do Meio Ambiente, dos Recursos Hídricos e da Amazônia Legal;Coordenação de Assuntos do Meio Ambiente;NA;Ministério do Meio Ambiente;442;2976
Ministério do Meio Ambiente, dos Recursos Hídricos e da Amazônia Legal;Coordenadoria-Geral de Diversidade Biológica;NA;Ministério do Meio Ambiente;442;2977
Ministério do Meio Ambiente, dos Recursos Hídricos e da Amazônia Legal;Programa Nacional de Diversidade Biológica;NA;Ministério do Meio Ambiente;442;2984
Ministério do Meio Ambiente, dos Recursos Hídricos e da Amazônia Legal;Secretaria de Desenvolvimento Integrado;NA;Ministério do Meio Ambiente;442;2985
Ministério do Meio Ambiente;Secretaria de Biodiversidade e Florestas;NA;Ministério do Meio Ambiente;442;2869
Ministério do Meio Ambiente;Assessoria para Assuntos Internacionais;NA;Ministério do Meio Ambiente;442;2865
Ministério do Meio Ambiente;Programa Nacional de Conservação da Biodiversidade;NA;Ministério do Meio Ambiente;442;2989
Ministério do Meio Ambiente;Programa Nacional de Áreas Protegidas;NA;Ministério do Meio Ambiente;442;2990
Ministério do Meio Ambiente;Departamento de Recursos Genéticos;NA;Ministério do Meio Ambiente;442;2991
Ministério do Meio Ambiente;"Projeto de Conservação da Biodiversidade; Diretoria de Biodiversidade";NA;Ministério do Meio Ambiente;442;2995
Ministério do Meio Ambiente;Projeto de Recursos Genéticos;NA;Ministério do Meio Ambiente;442;2996
Ministério do Meio Ambiente;Diretoria de Áreas Protegidas;NA;Ministério do Meio Ambiente;442;2997
Ministério do Meio Ambiente;Fundo Brasileiro para a Biodiversidade (FUNBIO);NA;Ministério do Meio Ambiente;442;2999
Ministério do Meio Ambiente;Fundação Vitória Amazônica;NA;Ministério do Meio Ambiente;442;3000
Ministério do Meio Ambiente;Assessoria de Assuntos Internacionais;NA;Ministério do Meio Ambiente;442;3057
Ministério do Meio Ambiente;Secretaria de Extrativismo e Desenvolvimento Rural Sustentável;NA;Ministério do Meio Ambiente;442;3066
Ministério do Meio Ambiente;Secretaria de Articulação Institucional e Cidadania Ambiental;NA;Ministério do Meio Ambiente;442;3067
Ministério do Meio Ambiente;Diretoria de Florestas;NA;Ministério do Meio Ambiente;442;2882
Ministério do Meio Ambiente;Diretoria de Conservação da Biodiversidade;NA;Ministério do Meio Ambiente;442;3072
Ministério do Meio Ambiente;Diretoria de Patrimônio Genético;NA;Ministério do Meio Ambiente;442;3073
Ministério do Meio Ambiente;"Diretoria de Desenvolvimento Rural e Combate à Desertificação; Secretaria de Desenvolvimento Rural Sustentável e Combate à Desertificação";NA;Ministério do Meio Ambiente;442;3074
Ministério do Meio Ambiente;Coordenação Geral de Patrimônio Genético;NA;Ministério do Meio Ambiente;442;3082
Ministério do Meio Ambiente;Projeto de Biodiversidade para Alimentação e Agricultura;NA;Ministério do Meio Ambiente;442;3085
Ministério do Meio Ambiente;Assessoria de Comunicações;NA;Ministério do Meio Ambiente;442;3086
Ministério do Meio Ambiente;"Assessoria de Comunicações; Relações públicas";NA;Ministério do Meio Ambiente;442;3089
Ministério do Meio Ambiente;Serviço Florestal Brasileiro;NA;Ministério do Meio Ambiente;442;3099
Ministério do Meio Ambiente;Programas;NA;Ministério do Meio Ambiente;442;3100
Ministério do Meio Ambiente;Departamento de Conservação e Manejo de Espécies;NA;Ministério do Meio Ambiente;442;3123
Ministério do Meio Ambiente;Departamento de Patrimônio Genético;NA;Ministério do Meio Ambiente;442;3124
Ministério do Meio Ambiente;Departamento de Apoio ao Conselho do Patrimônio Genético;NA;Ministério do Meio Ambiente;442;3125
Ministério do Meio Ambiente;Departamento de Conservação de Ecossistemas;NA;Ministério do Meio Ambiente;442;3126
Ministério do Meio Ambiente;Conselho Nacional de Patrimônio Genético;NA;Ministério do Meio Ambiente;442;3127
Ministério do Meio Ambiente;Assessoria de Imprensa;NA;Ministério do Meio Ambiente;442;3128
Ministério do Meio Ambiente, dos Recursos Hídricos e da Amazônia Legal;Coordenação geral de Diversidade Biológica;NA;Ministério do Meio Ambiente;442;3160
Ministério do Meio Ambiente;Programa de Diversidade Biológica;NA;Ministério do Meio Ambiente;442;3161
Ministério do Meio Ambiente;Gerência de Recursos Genéticos;NA;Ministério do Meio Ambiente;442;3164
Ministério do Meio Ambiente;"Secretaria de Qualidade Ambiental nos Assentamentos Humanos; Programa de Gerenciamento Ambiental Territorial";NA;Ministério do Meio Ambiente;442;3204
Ministério do Meio Ambiente;"Secretaria de Qualidade Ambiental nos Assentamentos Humanos; Geografia, Gerenciamento Costeiro e Marinho";NA;Ministério do Meio Ambiente;442;3206
Ministério do Meio Ambiente;Secretaria de Qualidade Ambiental e Mudança Climática;NA;Ministério do Meio Ambiente;442;3218
Ministério do Meio Ambiente;Gestão Integrada Marítima e Costeira;NA;Ministério do Meio Ambiente;442;3231
Ministério do Meio Ambiente;Programa de Gerenciamento Ambiental Territorial;NA;Ministério do Meio Ambiente;442;3232
Ministério dos Transportes;NA;NA;Ministério dos Transportes;447;3226
Ministério Público;São Paulo;NA;Ministério Público;449;3138
Cidade de Curitiba;NA;NA;Município de Curitiba;466;3016
Cidade de Manaus;NA;NA;Município de Manaus;476;3017
City Hall of São Paulo;NA;NA;Município de São Paulo;489;794
Natura;Inovação e Tecnologia de Produtos;NA;Natura;496;3110
Painel Brasileiro de Mudanças Climáticas;NA;NA;PBMC - Painel Brasileiro de Mudanças Climáticas;513;2227
Painel Brasileiro de Mudanças Climáticas;Comitê Científico;NA;PBMC - Painel Brasileiro de Mudanças Climáticas;513;3153
Petrobrás;NA;NA;Petrobrás;517;3021
Petrobrás;Gerência de biodiversidade e recursos hídricos;NA;Petrobrás;517;3140
Petrobrás;Biodiversidade;NA;Petrobrás;517;3143
Petrobrás;Arquiteto Naval;NA;Petrobrás;517;3227
Presidência da República;NA;NA;Presidência da República;523;2853
Representação Permanente do Brasil na IMO;NA;NA;Representação brasileira para a International Maritime Organization;542;3223
Representação Permanente do Brasil na IMO;Marinha Mercante;NA;Representação brasileira para a International Maritime Organization;542;3228
Representação Permanente do Brasil na IMO;Conselheiro para Assuntos Marítimos;NA;Representação brasileira para a International Maritime Organization;542;3230
SECOM;NA;NA;Secretaria de Comunicação Social da Presidência;554;2032
Secretaria de Comunicação da Presidência da República;NA;NA;Secretaria de Comunicação Social da Presidência;554;3054
NA;NA;NA;Sem informação;565;24
Senado Federal;NA;NA;Senado Federal;568;2798
Senado Federal;Estado do Acre;NA;Senado Federal;568;3215
Serviço Florestal Brasileiro;NA;NA;SFB - Serviço Florestal Brasileiro;572;3220
Superior Tribunal de Justiça;NA;NA;STJ - Superior Tribunal de Justiça;585;3011
Tribunal de Contas da União;NA;NA;TCU - Tribunal de Contas da União;594;3012
Terra de Direitos;NA;NA;Terra de Direitos;596;98
Tribunal Regional Federal;3ª Seção do TRF 1;NA;TRF - Tribunal Regional Federal;601;3065
Tribunal Regional Federal;TRF 1;NA;TRF - Tribunal Regional Federal;601;3087
Universidade Católica de Brasília;Curso de direito;NA;Universidade Católica de Brasília;614;3097
Universidade de São Paulo;Departamento de Gestão Administração;NA;Universidade de São Paulo;617;3136
Universidade de São Paulo;NA;NA;Universidade de São Paulo;617;2847
Unicamp;NA;NA;Universidade Estadual de Campinas;621;1621
Universidade de Campinas;NA;NA;Universidade Estadual de Campinas;621;2982
Universidade Estadual do Rio de Janeiro;Engenharia Ambiental e Sanitária;NA;Universidade Estadual do Rio de Janeiro;625;3096
Universidade Federal do Ceará;NA;NA;Universidade Federal do Ceará;640;3098
Universidade Federal do Pará;Núcleo de Altos Estudos Amazônicos (NAEA);NA;Universidade Federal do Pará;644;3095
Universidade Federal do Rio de Janeiro;NA;NA;Universidade Federal do Rio de Janeiro;646;3019
Universidade Federal do Rio de Janeiro;Bio Bureau Biotecnologia (empresa);NA;Universidade Federal do Rio de Janeiro;646;3157
Universidade Federal Rural do Rio de Janeiro;NA;NA;Universidade Federal Rural do Rio de Janeiro;651;3020
Via Campesina Brasil;NA;NA;Via Campesina;657;3043
Via Campesina;NA;NA;Via Campesina;657;3118
Votorantim Industrial;NA;NA;Votorantim;664;2142
Votorantim Industrial;Gerência Global de Meio Ambiente;NA;Votorantim;664;3154
Reservas Votorantim;NA;Reservas Votorantim;Votorantim;664;3142
WWF;NA;NA;WWF;671;1745
WWF - Brazil;NA;NA;WWF;671;2152
WWF - Brazil;Superintendência de Conservação;NA;WWF;671;3034
Ministério da Marinha;NA;NA;Ministério da Marinha;701;2741
ABBI - Associação Brasileira de Biotecnologia Industrial;NA;NA;ABBI - Associação Brasileira de Biotecnologia Industrial;709;3105
Associação Brasileira de Sementes e Mudas (ABRASEM);NA;NA;ABRASEM - Associação Brasileira de Sementes e Mudas;710;3060
AgroBio;NA;NA;AGROBIO - Associação das Empresas de Biotecnologia na Agricultura e Agroindústria;711;3152
Amyris Brasil S.A.;NA;NA;Amyris Brasil S.A.;712;3025
Associação Nacional da Agricultura Camponesa;NA;NA;Associação Nacional da Agricultura Camponesa;713;3148
Associação Nacional da Agricultura Camponesa (ANAC);NA;NA;Associação Nacional da Agricultura Camponesa;713;3042
Articulação Plantas Medicinais do Cerrado (PACARI);NA;NA;Articulação Pacari - Plantas Medicinais do Cerrado;714;3046
Kanindé;NA;NA;Associação de Defesa Etnoambiental Kanindé;715;3039
Beraca Sabará Químicos e Ingredientes S.A.;NA;NA;Beraca Sabará Químicos e Ingredientes S.A.;716;3038
Beraca Sabará Químicos e Ingredientes S.A.;Coordenação de sustentabilidade;NA;Beraca Sabará Químicos e Ingredientes S.A.;716;3141
Sabará Químicos e Ingredientes SA;Sustentabilidade;NA;Beraca Sabará Químicos e Ingredientes S.A.;716;3147
CDN Comunicação Corporativa;NA;NA;CDN Comunicação Corporativa;717;3031
Cooperativa Ecológica das Mulheres Extrativistas do Marajó;NA;NA;CEMEM - Cooperativa Ecológica das Mulheres Extrativistas do Marajó;718;3041
Conselho de Informações sobre Biotecnologia (CIB);NA;NA;CIB - Conselho de Informações sobre Biotecnologia;719;3026
Conselho Nacional dos Povos e Comunidades Tradicionais;NA;NA;CNPCT - Conselho Nacional dos Povos e Comunidades Tradicionais;720;3149
Conselho Nacional da Mulher Indígena (CONAMI);NA;NA;CONAMI - Conselho Nacional da Mulher Indígena;721;3047
CTNBio;NA;NA;CTNBio - Comissão Técnica Nacional de Biossegurança;722;2979
Divers for Sharks;NA;NA;Divers for Sharks;723;3120
Fibria;NA;NA;Fibria;724;3027
Fleishman Hillard Public Relations;NA;NA;FleishmanHillard Public Relations;725;3030
Fundação Roberto Marinho;NA;NA;Fundação Roberto Marinho;726;3033
GIZ Brazil;NA;NA;GIZ - Deutsche Gesellschaft für Internationale Zusammenarbeit;727;3114
Greenpeace do Brasil;NA;NA;Greenpeace;728;2988
Grupo Centroflora;NA;NA;Grupo Centroflora;729;3032
GSS Sustentabilidade e Bioinovação;NA;NA;GSS Sustentabilidade e Bioinovação;730;3107
GSS Sustentabilidade e Bioinovação;Biodiversidade;NA;GSS Sustentabilidade e Bioinovação;730;3108
Instituto Augusto Carneiro;Divers for Sharks;NA;Instituto Augusto Carneiro;731;3119
Fundação Jardim Botânico do Rio de Janeiro;NA;NA;Instituto de Pesquisas Jardim Botânico do Rio de Janeiro;732;2978
Jardim Botânico do Rio de Janeiro;NA;NA;Instituto de Pesquisas Jardim Botânico do Rio de Janeiro;732;3050
Instituto Life;NA;NA;Instituto LIFE;733;3028
Instituto Ribeirão Preto 2030;NA;NA;Instituto Ribeirão Preto 2030;734;3139
ITTO;NA;NA;ITTO - International Tropical Timber Organization;735;3217
L'Oréal;NA;NA;L'Oréal;736;3109
Movimento Empresarial para a Biodiversidade-Brasil (MEBB);NA;NA;MEBB - Movimento Empresarial pela Biodiversidade - Brasil;737;3062
Cidade de São José do Rio Preto;Secretaria de Meio Ambiente;NA;Município de São José do Rio Preto;738;3137
Comunidades de Fundo de Pasto;NA;NA;Comunidades de Fundo de Pasto;739;3044
Extrativistas da Amazônia;NA;NA;Comunidades Extrativistas da Amazônia;740;3045
Fórum de Povos e Comunidades Tradicionais;NA;NA;Fórum de Povos e Comunidades Tradicionais;741;3040
Marinha do Brasil;Instituto de Estudos do Mar Almirante Paulo Moreira;NA;Instituto de Estudos do Mar Almirante Paulo Moreira;742;3200
Ponto focal brasileiro para CBD;NA;NA;Ponto focal brasileiro para CDB;743;3158
Povos indígenas e comunidades locais;NA;NA;Povos indígenas e comunidades locais;744;3063
Novozymes Latin America;Gerência de Comunicações e Relações Públicas;NA;Novozymes Latin America;745;3111
Novozymes Latin America;NA;NA;Novozymes Latin America;745;3112
Science Politique;NA;NA;SciencesPo;746;3049
Universidade Federal de Ouro Preto;NA;NA;Universidade Federal de Ouro Preto;747;3018
VBIO - Plataforma brasileira de biodiversidade;NA;NA;VBIO - Plataforma Brasileira de Biodiversidade;748;3113
WCS - Wildlife Conservation Society;Brasil;NA;WCS - Wildlife Conservation Society;749;3121
